math.algebra	math.vectors
math.algebra	math.probability
math.vectors	math.matrices
math.vectors	math.calculus
math.matrices	math.tensors
math.matrices	math.geometry
math.probability	math.optimization
math.calculus	math.optimization
math.calculus	math.geometry
math.tensors	math.geometry
math.probability	ai.probabilistic
math.vectors	ai.neural
math.matrices	ai.neural
math.optimization	ai.neural
ai.neural	ai.sequence
programming.representation	ai.sequence
ai.sequence	ai.attention
math.matrices	ai.attention
math.probability	ai.attention
ai.attention	ai.transformer
math.tensors	ai.transformer
programming.representation	programming.memory
programming.languages	programming.compilers
programming.representation	programming.compilers
programming.memory	programming.runtimes
programming.compilers	programming.runtimes
math.tensors	programming.hardware
programming.hardware	programming.runtimes
programming.runtimes	programming.tools
programming.languages	programming.tools
ai.transformer	programming.tools
ai.transformer	convergence.alignment
math.geometry	convergence.alignment
programming.tools	convergence.alignment
convergence.alignment	convergence.architecture
convergence.architecture	convergence.execution
programming.runtimes	convergence.execution
convergence.execution	convergence.limits
convergence.architecture	convergence.limits